GRN Number,PO No.,GRN Date,Vendor,Delivery Date,Terms of Payment,Buyer's Order No.,Description of Goods,Quantity
PADTPL-GRN-24-25-0001,PADT/23-24/0002,2024-08-26,HB ELECTRO,2024-08-26,Cheque,PADT/0116/GRN/17,PC123,5
PADTPL-GRN-24-25-0003,PADT/23-24/0001,2024-08-26,HB ELECTRO,2024-08-26,Cheque,PADT/0116/GRN/17,PC123,1423
PADTPL-GRN-24-25-0003,PADT/23-24/0001,2024-08-26,HB ELECTRO,2024-08-26,Cheque,PADT/0116/GRN/17,RELY_65R4,1
PADTPL-GRN-24-25-0003,PADT/23-24/0001,2024-08-26,HB ELECTRO,2024-08-26,Cheque,PADT/0116/GRN/17,PC124,1
PADTPL-GRN-24-25-0003,PADT/23-24/0001,2024-08-26,HB ELECTRO,2024-08-26,Cheque,PADT/0116/GRN/17,RELAY,5
