PA No.,Date,Vendor Name,Project Name,PO No.,Amount,Mode of Payment,Terms of Payment,Nature of Payment,Remarks,Prepared By,Initiated By,Checked By,Authorised By,Approved By
PADT/23-24/0001,2024-08-22,HB ELECTRO,Terminator,PADT/23-24/0001,43000,RTGS,Advance Payment,Capital Expenditure - Moveable,"Nan

",Approved,Approved,Pending,Rejected,Approved
PADT/23-24/0002,2024-08-24,HB ELECTRO,SDR,PADT/23-24/0003,43000,Cheque,Advance Payment,Capital Expenditure - Moveable,fdccceces,Approved,,,,
PADT/23-24/0003,2024-08-24,HB ELECTRO,SDR,PADT/23-24/0004,78000,Cheque,Advance Payment,Capital Expenditure - Moveable,Nan,Approved,Approved,,,
PADT/23-24/0004,2024-08-14,HB ELECTRO,Terminator,PADT/23-24/0002,234,RTGS,Part Payment,Revenue Expenditure - Purchase,gvbh,Rejected,Approved,Approved,Approved,Rejected
