po_number,Indent Number,PO Date,Delivery Date,GST,Status,Vendor,Bill Ship To ID,Description,HSN,Quantity,Rate,GST Amount,Amount,Grand Total
PADT/23-24/0003,Indent/24-25/0007,2024-08-24,2024-08-24,18,Pending,HB ELECTRO,2,RELY_65R7,78133,5,50,45.00,250.00,295.00
PADT/23-24/0004,Indent/24-25/0007,2024-08-24,2024-08-31,18,Approved,HB ELECTRO,2,RELY_65R7,78133,50,5,45.00,250.00,295.00
PADT/23-24/0001,Indent/24-25/0001,2024-08-23,2024-08-23,18,Approved,HB ELECTRO,2,PC123,1,1423,1,256.14,1423.00,1711.00
PADT/23-24/0001,Indent/24-25/0001,2024-08-23,2024-08-23,18,Approved,HB ELECTRO,2,RELY_65R4,1,1,1,0.18,1.00,1711.00
PADT/23-24/0001,Indent/24-25/0001,2024-08-23,2024-08-23,18,Approved,HB ELECTRO,2,PC124,1,1,1,0.18,1.00,1711.00
PADT/23-24/0001,Indent/24-25/0001,2024-08-23,2024-08-23,18,Approved,HB ELECTRO,2,RELAY,5,5,5,4.50,25.00,1711.00
PADT/23-24/0002,Indent/24-25/0001,2024-08-23,2024-08-23,18,Approved,HB ELECTRO,2,PC123,78133,5,50,45.00,250.00,295.00
