salutation,first_name,last_name,company_name,vendor_display_name,vendor_email,vendor_phone,work_phone,mobile,address,contact_persons,custom_fields,reporting_tags,remarks,gst_treatment,source_of_supply,pan,msme_registered,currency,payment_terms,tds,enable_portal,portal_language,document,action
HB Electronics,Pratik,Bhirud,Zygal,swdcvf,pratiksunilbhirud@gmail.com,08446751258,08446751258,08446751258,"802, Omkar Abhiman, Karve Nagar, Pune",Pratik Bhirud,scdvf,csdvf,scdvf,sdcv,sdcvf,scdfv,True,scdfv,sdcvf,scdvf,True,scdvf,Pratik_Bhirud_1.pdf,Accept
scd,Pratik,Bhirud,Zygal,scdvf,pratiksunilbhirud@gmail.com,08446751258,scdv,xscdv,"802, Omkar Abhiman, Karve Nagar, Pune",Pratik Bhirud,scdvf,csdvf,dscefvbg ,sdczs,dcfvb,sadx,True,scdfv,dfevb ,scdvf,True,rfgvxd,"PRATIK_BHIRUD_2.pdf,Pratik_Bhirud_1.pdf,Pratik_Bhirud.pdf",Reject
scd,Pratik,Bhirud,Zygal,scdvf,pratiksunilbhirud@gmail.com,08446751258,08446751258,08446751258,"802, Omkar Abhiman, Karve Nagar, Pune",Pratik Bhirud,scdvf,csdvf,scdvf,sdcv,sdcvf,scdfv,True,scdfv,wdq,scdvf,True,dfvgb ,"PRATIK_BHIRUD_2.pdf,Pratik_Bhirud_1.pdf,Pratik_Bhirud.pdf,PADTPO23-24116_1.pdf,PADTPO23-24116.pdf",Pending
dsv,Pratik,Bhirud,Zygal,swdcvf,pratiksunilbhirud@gmail.com,08446751258,08446751258,08446751258,"802, Omkar Abhiman, Karve Nagar, Pune",Pratik Bhirud,dsfc,aa,scdvf,sdcv,sdcvf,scdfv,True,aa,dfevb ,scdvf,True,aaa,PRATIK_BHIRUD_2.pdf,Accept
pratik ,Pratik,Bhirud,Zygal,swdcvf,pratiksunilbhirud@gmail.com,08446751258,08446751258,08446751258,"802, Omkar Abhiman, Karve Nagar, Pune",Pratik Bhirud,swxdefv,qr,scdvf,aa,sdcvf,scdfv,True,INR,dfevb ,aa,True,dfvgb ,Pratik_Bhirud_1.pdf,Pending
pratik ,Pratik,Bhirud,Zygal,swdcvf,pratiksunilbhirud@gmail.com,08446751258,08446751258,08446751258,"802, Omkar Abhiman, Karve Nagar, Pune",Pratik Bhirud,swxdefv,qr,scdvf,aa,sdcvf,scdfv,True,INR,dfevb ,aa,True,dfvgb ,Pratik_Bhirud_1.pdf,Pending
HB ELctronics,Pratik,Bhirud,Zygal,HB ELECTRO,pratiksunilbhirud@gmail.com,08446751258,08446751258,08446751258,aaaaaaaaaaaaa,Pratik Bhirud,HB EL,SGT,AGST,GSD,GST,GST2,True,INR,Nan,Nan,True,english,PRATIK_BHIRUD_2.pdf,Pending
